model,mean_error_before,mean_error_after,rms_error_before,rms_error_after,max_error_before,max_error_after,min_error_before,min_error_after,improvement_mean_percent,improvement_rms_percent,improvement_max_percent
LinearRegression,3.842702282448949,2.7865009209809837,5.0707993996601575,3.576496574862681,20.458678097250147,9.85100408008067,0.3072316580771792,0.1792900614169318,27.48590142650473,29.468782079954174,51.8492639981234
RandomForest,3.842702282448949,4.192854471640252,5.0707993996601575,5.822979987749208,20.458678097250147,23.899895599149872,0.3072316580771792,0.3699432075408391,-9.11213420801757,-14.833570188942225,-16.820331624271756
