model,mean_error_before,mean_error_after,rms_error_before,rms_error_after,max_error_before,max_error_after,min_error_before,min_error_after,improvement_mean_percent,improvement_rms_percent,improvement_max_percent
LinearRegression,55.208795132752,56.948557852198235,69.42391675542848,75.28299375926282,138.2192157043135,162.89984666489207,2.694961619104292,15.69155852212045,-3.151241962920756,-8.439565610328668,-17.85615034408586
RandomForest,55.208795132752,49.12619946534792,69.42391675542848,67.07041402494733,138.2192157043135,133.37518588523972,2.694961619104292,2.005610989762142,11.0174396176881,3.3900460251648443,3.5045994107190013
